{
  "name": "packery",
  "author": "David DeSandro",
  "description": "Gapless, draggable grid layouts",
  "main": "js/packery.js",
  "dependencies": {
    "get-size": "^2.0.2",
    "outlayer": "^2.0.0"
  },
  "devDependencies": {
    "draggabilly": "^2.1.0",
    "jquery": ">=2 <4",
    "jquery-ui-draggable": "https://gist.github.com/4985610.git",
    "jquery-bridget": "~2.0.0",
    "qunit": "^1.15"
  },
  "ignore": [
    "**/.*",
    "contributing.md",
    "package.json",
    "gulpfile.js",
    "sandbox/",
    "node_modules",
    "bower_components",
    "test",
    "tests"
  ],
  "homepage": "http://packery.metafizzy.co",
  "authors": [
    "David DeSandro <desandrocodes@gmail.com>"
  ],
  "moduleType": [
    "amd",
    "globals",
    "node"
  ],
  "keywords": [
    "layout",
    "grid",
    "draggable"
  ],
  "license": "GPL-3.0",
  "version": "2.1.1",
  "_release": "2.1.1",
  "_resolution": {
    "type": "version",
    "tag": "v2.1.1",
    "commit": "75bc0ae1e8d353a82be8c56c4936c3e3b3a9b545"
  },
  "_source": "https://github.com/metafizzy/packery.git",
  "_target": "^2.1.1",
  "_originalSource": "packery",
  "_direct": true
}